Номер строки	Категория
1	SERVICE
2	SERVICE
3	TAX
4	SERVICE
5	BANK_SERVICE
6	FOOD_GOODS
7	BANK_SERVICE
8	TAX
9	SERVICE
10	LEASING
11	FOOD_GOODS
12	FOOD_GOODS
13	SERVICE
14	NOT_CLASSIFIED
15	FOOD_GOODS
16	SERVICE
17	NOT_CLASSIFIED
18	LEASING
19	SERVICE
20	LEASING
21	NON_FOOD_GOODS
22	NON_FOOD_GOODS
23	FOOD_GOODS
24	BANK_SERVICE
25	LOAN
26	NON_FOOD_GOODS
27	NOT_CLASSIFIED
28	FOOD_GOODS
29	LOAN
30	FOOD_GOODS
31	NON_FOOD_GOODS
32	NON_FOOD_GOODS
33	LOAN
34	FOOD_GOODS
35	BANK_SERVICE
36	SERVICE
37	NOT_CLASSIFIED
38	NON_FOOD_GOODS
39	FOOD_GOODS
40	NON_FOOD_GOODS
41	NOT_CLASSIFIED
42	SERVICE
43	TAX
44	LOAN
45	SERVICE
46	FOOD_GOODS
47	NON_FOOD_GOODS
48	FOOD_GOODS
49	BANK_SERVICE
50	NON_FOOD_GOODS
51	REALE_STATE
52	FOOD_GOODS
53	NON_FOOD_GOODS
54	FOOD_GOODS
55	LEASING
56	SERVICE
57	REALE_STATE
58	BANK_SERVICE
59	LOAN
60	LOAN
61	FOOD_GOODS
62	SERVICE
63	FOOD_GOODS
64	SERVICE
65	REALE_STATE
66	NON_FOOD_GOODS
67	NON_FOOD_GOODS
68	NOT_CLASSIFIED
69	TAX
70	SERVICE
71	TAX
72	LOAN
73	FOOD_GOODS
74	FOOD_GOODS
75	TAX
76	LOAN
77	LEASING
78	FOOD_GOODS
79	NON_FOOD_GOODS
80	SERVICE
81	NON_FOOD_GOODS
82	SERVICE
83	LOAN
84	FOOD_GOODS
85	NON_FOOD_GOODS
86	FOOD_GOODS
87	NOT_CLASSIFIED
88	FOOD_GOODS
89	FOOD_GOODS
90	LEASING
91	BANK_SERVICE
92	LEASING
93	NON_FOOD_GOODS
94	FOOD_GOODS
95	FOOD_GOODS
96	REALE_STATE
97	REALE_STATE
98	FOOD_GOODS
99	FOOD_GOODS
100	FOOD_GOODS
101	SERVICE
102	SERVICE
103	LOAN
104	SERVICE
105	NON_FOOD_GOODS
106	NON_FOOD_GOODS
107	BANK_SERVICE
108	NON_FOOD_GOODS
109	LEASING
110	NON_FOOD_GOODS
111	FOOD_GOODS
112	TAX
113	NON_FOOD_GOODS
114	NOT_CLASSIFIED
115	NON_FOOD_GOODS
116	NON_FOOD_GOODS
117	LOAN
118	NON_FOOD_GOODS
119	BANK_SERVICE
120	LEASING
121	TAX
122	BANK_SERVICE
123	BANK_SERVICE
124	LEASING
125	BANK_SERVICE
126	FOOD_GOODS
127	NON_FOOD_GOODS
128	SERVICE
129	NOT_CLASSIFIED
130	LOAN
131	FOOD_GOODS
132	FOOD_GOODS
133	BANK_SERVICE
134	FOOD_GOODS
135	NON_FOOD_GOODS
136	FOOD_GOODS
137	FOOD_GOODS
138	FOOD_GOODS
139	FOOD_GOODS
140	FOOD_GOODS
141	TAX
142	NON_FOOD_GOODS
143	BANK_SERVICE
144	NON_FOOD_GOODS
145	LOAN
146	REALE_STATE
147	BANK_SERVICE
148	LOAN
149	NON_FOOD_GOODS
150	NON_FOOD_GOODS
151	NON_FOOD_GOODS
152	BANK_SERVICE
153	NOT_CLASSIFIED
154	LEASING
155	NON_FOOD_GOODS
156	NON_FOOD_GOODS
157	NON_FOOD_GOODS
158	NON_FOOD_GOODS
159	LEASING
160	SERVICE
161	FOOD_GOODS
162	FOOD_GOODS
163	FOOD_GOODS
164	SERVICE
165	TAX
166	FOOD_GOODS
167	SERVICE
168	BANK_SERVICE
169	TAX
170	NON_FOOD_GOODS
171	FOOD_GOODS
172	TAX
173	NON_FOOD_GOODS
174	NOT_CLASSIFIED
175	BANK_SERVICE
176	FOOD_GOODS
177	NON_FOOD_GOODS
178	FOOD_GOODS
179	NON_FOOD_GOODS
180	NON_FOOD_GOODS
181	FOOD_GOODS
182	NON_FOOD_GOODS
183	TAX
184	NON_FOOD_GOODS
185	SERVICE
186	TAX
187	LEASING
188	BANK_SERVICE
189	LEASING
190	NON_FOOD_GOODS
191	BANK_SERVICE
192	FOOD_GOODS
193	REALE_STATE
194	SERVICE
195	SERVICE
196	LOAN
197	LEASING
198	TAX
199	BANK_SERVICE
200	TAX
201	LOAN
202	NON_FOOD_GOODS
203	NON_FOOD_GOODS
204	TAX
205	NOT_CLASSIFIED
206	TAX
207	SERVICE
208	FOOD_GOODS
209	FOOD_GOODS
210	LEASING
211	NOT_CLASSIFIED
212	FOOD_GOODS
213	NON_FOOD_GOODS
214	FOOD_GOODS
215	FOOD_GOODS
216	LOAN
217	BANK_SERVICE
218	NON_FOOD_GOODS
219	LOAN
220	NON_FOOD_GOODS
221	NOT_CLASSIFIED
222	NON_FOOD_GOODS
223	BANK_SERVICE
224	LEASING
225	FOOD_GOODS
226	BANK_SERVICE
227	LOAN
228	NON_FOOD_GOODS
229	FOOD_GOODS
230	TAX
231	NON_FOOD_GOODS
232	NON_FOOD_GOODS
233	LOAN
234	NON_FOOD_GOODS
235	LOAN
236	LEASING
237	LEASING
238	SERVICE
239	BANK_SERVICE
240	REALE_STATE
241	FOOD_GOODS
242	SERVICE
243	FOOD_GOODS
244	LOAN
245	NOT_CLASSIFIED
246	SERVICE
247	SERVICE
248	SERVICE
249	NON_FOOD_GOODS
250	SERVICE
251	NON_FOOD_GOODS
252	FOOD_GOODS
253	NON_FOOD_GOODS
254	LEASING
255	NON_FOOD_GOODS
256	LOAN
257	TAX
258	FOOD_GOODS
259	NON_FOOD_GOODS
260	SERVICE
261	NOT_CLASSIFIED
262	NON_FOOD_GOODS
263	BANK_SERVICE
264	FOOD_GOODS
265	NON_FOOD_GOODS
266	NON_FOOD_GOODS
267	TAX
268	NON_FOOD_GOODS
269	SERVICE
270	NON_FOOD_GOODS
271	FOOD_GOODS
272	NON_FOOD_GOODS
273	LOAN
274	FOOD_GOODS
275	REALE_STATE
276	NON_FOOD_GOODS
277	TAX
278	NON_FOOD_GOODS
279	NON_FOOD_GOODS
280	FOOD_GOODS
281	NON_FOOD_GOODS
282	LEASING
283	NOT_CLASSIFIED
284	SERVICE
285	BANK_SERVICE
286	FOOD_GOODS
287	FOOD_GOODS
288	LOAN
289	SERVICE
290	NON_FOOD_GOODS
291	NON_FOOD_GOODS
292	SERVICE
293	REALE_STATE
294	SERVICE
295	SERVICE
296	LEASING
297	LOAN
298	LOAN
299	SERVICE
300	LEASING
301	LOAN
302	LEASING
303	FOOD_GOODS
304	FOOD_GOODS
305	NON_FOOD_GOODS
306	NOT_CLASSIFIED
307	LOAN
308	FOOD_GOODS
309	LEASING
310	REALE_STATE
311	NON_FOOD_GOODS
312	NON_FOOD_GOODS
313	LOAN
314	NON_FOOD_GOODS
315	SERVICE
316	FOOD_GOODS
317	TAX
318	SERVICE
319	FOOD_GOODS
320	NON_FOOD_GOODS
321	TAX
322	NON_FOOD_GOODS
323	LOAN
324	TAX
325	TAX
326	NOT_CLASSIFIED
327	FOOD_GOODS
328	BANK_SERVICE
329	SERVICE
330	NON_FOOD_GOODS
331	FOOD_GOODS
332	LOAN
333	SERVICE
334	FOOD_GOODS
335	FOOD_GOODS
336	NON_FOOD_GOODS
337	SERVICE
338	SERVICE
339	SERVICE
340	SERVICE
341	LOAN
342	FOOD_GOODS
343	NOT_CLASSIFIED
344	SERVICE
345	SERVICE
346	LEASING
347	NON_FOOD_GOODS
348	FOOD_GOODS
349	REALE_STATE
350	NON_FOOD_GOODS
351	NON_FOOD_GOODS
352	FOOD_GOODS
353	FOOD_GOODS
354	BANK_SERVICE
355	SERVICE
356	LEASING
357	LOAN
358	TAX
359	SERVICE
360	FOOD_GOODS
361	FOOD_GOODS
362	LEASING
363	SERVICE
364	TAX
365	BANK_SERVICE
366	LOAN
367	LOAN
368	FOOD_GOODS
369	SERVICE
370	FOOD_GOODS
371	NON_FOOD_GOODS
372	SERVICE
373	FOOD_GOODS
374	TAX
375	LEASING
376	NON_FOOD_GOODS
377	SERVICE
378	SERVICE
379	NON_FOOD_GOODS
380	SERVICE
381	NOT_CLASSIFIED
382	LOAN
383	LOAN
384	NON_FOOD_GOODS
385	FOOD_GOODS
386	FOOD_GOODS
387	FOOD_GOODS
388	FOOD_GOODS
389	NOT_CLASSIFIED
390	FOOD_GOODS
391	LEASING
392	REALE_STATE
393	NOT_CLASSIFIED
394	SERVICE
395	LOAN
396	TAX
397	TAX
398	NON_FOOD_GOODS
399	LOAN
400	TAX
401	TAX
402	LOAN
403	NON_FOOD_GOODS
404	SERVICE
405	REALE_STATE
406	TAX
407	FOOD_GOODS
408	SERVICE
409	FOOD_GOODS
410	LEASING
411	BANK_SERVICE
412	NON_FOOD_GOODS
413	NON_FOOD_GOODS
414	NON_FOOD_GOODS
415	NON_FOOD_GOODS
416	BANK_SERVICE
417	NON_FOOD_GOODS
418	NOT_CLASSIFIED
419	NOT_CLASSIFIED
420	REALE_STATE
421	BANK_SERVICE
422	LOAN
423	NON_FOOD_GOODS
424	NON_FOOD_GOODS
425	SERVICE
426	NON_FOOD_GOODS
427	FOOD_GOODS
428	FOOD_GOODS
429	SERVICE
430	LEASING
431	FOOD_GOODS
432	FOOD_GOODS
433	NON_FOOD_GOODS
434	BANK_SERVICE
435	REALE_STATE
436	NON_FOOD_GOODS
437	NOT_CLASSIFIED
438	SERVICE
439	NON_FOOD_GOODS
440	NON_FOOD_GOODS
441	FOOD_GOODS
442	NON_FOOD_GOODS
443	TAX
444	NON_FOOD_GOODS
445	NON_FOOD_GOODS
446	NOT_CLASSIFIED
447	BANK_SERVICE
448	FOOD_GOODS
449	BANK_SERVICE
450	FOOD_GOODS
451	NOT_CLASSIFIED
452	SERVICE
453	TAX
454	FOOD_GOODS
455	LEASING
456	FOOD_GOODS
457	NON_FOOD_GOODS
458	TAX
459	NON_FOOD_GOODS
460	NON_FOOD_GOODS
461	NOT_CLASSIFIED
462	FOOD_GOODS
463	SERVICE
464	BANK_SERVICE
465	NON_FOOD_GOODS
466	TAX
467	FOOD_GOODS
468	FOOD_GOODS
469	NON_FOOD_GOODS
470	FOOD_GOODS
471	FOOD_GOODS
472	LEASING
473	NON_FOOD_GOODS
474	NOT_CLASSIFIED
475	NON_FOOD_GOODS
476	FOOD_GOODS
477	LEASING
478	LOAN
479	NOT_CLASSIFIED
480	NOT_CLASSIFIED
481	BANK_SERVICE
482	FOOD_GOODS
483	NOT_CLASSIFIED
484	REALE_STATE
485	NON_FOOD_GOODS
486	FOOD_GOODS
487	SERVICE
488	LEASING
489	FOOD_GOODS
490	SERVICE
491	NON_FOOD_GOODS
492	LOAN
493	NOT_CLASSIFIED
494	NON_FOOD_GOODS
495	NOT_CLASSIFIED
496	LEASING
497	FOOD_GOODS
498	LOAN
499	SERVICE
500	LOAN
501	BANK_SERVICE
502	NON_FOOD_GOODS
503	NON_FOOD_GOODS
504	SERVICE
505	TAX
506	FOOD_GOODS
507	NON_FOOD_GOODS
508	LOAN
509	FOOD_GOODS
510	NON_FOOD_GOODS
511	NON_FOOD_GOODS
512	FOOD_GOODS
513	SERVICE
514	NON_FOOD_GOODS
515	NON_FOOD_GOODS
516	TAX
517	LOAN
518	SERVICE
519	SERVICE
520	TAX
521	NON_FOOD_GOODS
522	FOOD_GOODS
523	LOAN
524	LOAN
525	FOOD_GOODS
526	LOAN
527	FOOD_GOODS
528	NOT_CLASSIFIED
529	FOOD_GOODS
530	LOAN
531	LEASING
532	NON_FOOD_GOODS
533	BANK_SERVICE
534	NON_FOOD_GOODS
535	SERVICE
536	FOOD_GOODS
537	NON_FOOD_GOODS
538	FOOD_GOODS
539	FOOD_GOODS
540	LOAN
541	BANK_SERVICE
542	NON_FOOD_GOODS
543	TAX
544	SERVICE
545	LEASING
546	BANK_SERVICE
547	NON_FOOD_GOODS
548	NON_FOOD_GOODS
549	BANK_SERVICE
550	NOT_CLASSIFIED
551	NON_FOOD_GOODS
552	NOT_CLASSIFIED
553	NOT_CLASSIFIED
554	BANK_SERVICE
555	SERVICE
556	NON_FOOD_GOODS
557	TAX
558	SERVICE
559	BANK_SERVICE
560	LEASING
561	NON_FOOD_GOODS
562	NON_FOOD_GOODS
563	FOOD_GOODS
564	LOAN
565	NOT_CLASSIFIED
566	FOOD_GOODS
567	REALE_STATE
568	LOAN
569	FOOD_GOODS
570	LOAN
571	REALE_STATE
572	FOOD_GOODS
573	BANK_SERVICE
574	LOAN
575	SERVICE
576	LOAN
577	FOOD_GOODS
578	NON_FOOD_GOODS
579	NON_FOOD_GOODS
580	SERVICE
581	TAX
582	FOOD_GOODS
583	BANK_SERVICE
584	FOOD_GOODS
585	FOOD_GOODS
586	BANK_SERVICE
587	LEASING
588	FOOD_GOODS
589	LOAN
590	FOOD_GOODS
591	FOOD_GOODS
592	NOT_CLASSIFIED
593	FOOD_GOODS
594	FOOD_GOODS
595	LEASING
596	NON_FOOD_GOODS
597	NOT_CLASSIFIED
598	TAX
599	SERVICE
600	SERVICE
601	REALE_STATE
602	REALE_STATE
603	BANK_SERVICE
604	FOOD_GOODS
605	SERVICE
606	TAX
607	LEASING
608	LEASING
609	BANK_SERVICE
610	NON_FOOD_GOODS
611	BANK_SERVICE
612	FOOD_GOODS
613	LEASING
614	NON_FOOD_GOODS
615	FOOD_GOODS
616	SERVICE
617	REALE_STATE
618	TAX
619	NOT_CLASSIFIED
620	FOOD_GOODS
621	TAX
622	NON_FOOD_GOODS
623	NON_FOOD_GOODS
624	NON_FOOD_GOODS
625	BANK_SERVICE
626	BANK_SERVICE
627	FOOD_GOODS
628	SERVICE
629	NON_FOOD_GOODS
630	BANK_SERVICE
631	LOAN
632	NON_FOOD_GOODS
633	SERVICE
634	NON_FOOD_GOODS
635	NON_FOOD_GOODS
636	LOAN
637	LEASING
638	SERVICE
639	NOT_CLASSIFIED
640	SERVICE
641	SERVICE
642	NON_FOOD_GOODS
643	FOOD_GOODS
644	TAX
645	TAX
646	TAX
647	BANK_SERVICE
648	TAX
649	FOOD_GOODS
650	TAX
651	FOOD_GOODS
652	SERVICE
653	FOOD_GOODS
654	REALE_STATE
655	NON_FOOD_GOODS
656	NON_FOOD_GOODS
657	NOT_CLASSIFIED
658	NON_FOOD_GOODS
659	LOAN
660	TAX
661	BANK_SERVICE
662	LEASING
663	SERVICE
664	NON_FOOD_GOODS
665	BANK_SERVICE
666	FOOD_GOODS
667	LOAN
668	NON_FOOD_GOODS
669	FOOD_GOODS
670	FOOD_GOODS
671	FOOD_GOODS
672	FOOD_GOODS
673	LEASING
674	REALE_STATE
675	FOOD_GOODS
676	NOT_CLASSIFIED
677	NON_FOOD_GOODS
678	NOT_CLASSIFIED
679	NOT_CLASSIFIED
680	NON_FOOD_GOODS
681	NOT_CLASSIFIED
682	NON_FOOD_GOODS
683	LOAN
684	SERVICE
685	NON_FOOD_GOODS
686	NON_FOOD_GOODS
687	NON_FOOD_GOODS
688	LEASING
689	NON_FOOD_GOODS
690	SERVICE
691	LOAN
692	BANK_SERVICE
693	NON_FOOD_GOODS
694	NON_FOOD_GOODS
695	SERVICE
696	SERVICE
697	REALE_STATE
698	FOOD_GOODS
699	NON_FOOD_GOODS
700	NOT_CLASSIFIED
701	LEASING
702	FOOD_GOODS
703	FOOD_GOODS
704	NON_FOOD_GOODS
705	FOOD_GOODS
706	REALE_STATE
707	FOOD_GOODS
708	NON_FOOD_GOODS
709	SERVICE
710	REALE_STATE
711	SERVICE
712	BANK_SERVICE
713	FOOD_GOODS
714	SERVICE
715	LOAN
716	NON_FOOD_GOODS
717	NOT_CLASSIFIED
718	NON_FOOD_GOODS
719	LOAN
720	TAX
721	NON_FOOD_GOODS
722	REALE_STATE
723	FOOD_GOODS
724	SERVICE
725	NON_FOOD_GOODS
726	FOOD_GOODS
727	FOOD_GOODS
728	TAX
729	LEASING
730	SERVICE
731	SERVICE
732	NON_FOOD_GOODS
733	LEASING
734	SERVICE
735	SERVICE
736	FOOD_GOODS
737	TAX
738	REALE_STATE
739	TAX
740	LEASING
741	TAX
742	TAX
743	NON_FOOD_GOODS
744	SERVICE
745	FOOD_GOODS
746	TAX
747	LOAN
748	SERVICE
749	NOT_CLASSIFIED
750	NOT_CLASSIFIED
751	NON_FOOD_GOODS
752	NON_FOOD_GOODS
753	NON_FOOD_GOODS
754	NON_FOOD_GOODS
755	TAX
756	SERVICE
757	NON_FOOD_GOODS
758	LOAN
759	SERVICE
760	BANK_SERVICE
761	NOT_CLASSIFIED
762	BANK_SERVICE
763	FOOD_GOODS
764	FOOD_GOODS
765	BANK_SERVICE
766	LEASING
767	FOOD_GOODS
768	NON_FOOD_GOODS
769	FOOD_GOODS
770	SERVICE
771	FOOD_GOODS
772	TAX
773	FOOD_GOODS
774	LOAN
775	FOOD_GOODS
776	TAX
777	FOOD_GOODS
778	LOAN
779	FOOD_GOODS
780	BANK_SERVICE
781	FOOD_GOODS
782	SERVICE
783	FOOD_GOODS
784	NON_FOOD_GOODS
785	NON_FOOD_GOODS
786	TAX
787	TAX
788	BANK_SERVICE
789	LEASING
790	TAX
791	LOAN
792	NON_FOOD_GOODS
793	FOOD_GOODS
794	NON_FOOD_GOODS
795	SERVICE
796	LEASING
797	FOOD_GOODS
798	NON_FOOD_GOODS
799	NON_FOOD_GOODS
800	LEASING
801	NON_FOOD_GOODS
802	FOOD_GOODS
803	SERVICE
804	NON_FOOD_GOODS
805	BANK_SERVICE
806	TAX
807	FOOD_GOODS
808	NON_FOOD_GOODS
809	REALE_STATE
810	NON_FOOD_GOODS
811	SERVICE
812	FOOD_GOODS
813	NON_FOOD_GOODS
814	LOAN
815	NON_FOOD_GOODS
816	NOT_CLASSIFIED
817	REALE_STATE
818	TAX
819	NOT_CLASSIFIED
820	FOOD_GOODS
821	FOOD_GOODS
822	REALE_STATE
823	FOOD_GOODS
824	REALE_STATE
825	SERVICE
826	NON_FOOD_GOODS
827	FOOD_GOODS
828	NON_FOOD_GOODS
829	NOT_CLASSIFIED
830	FOOD_GOODS
831	TAX
832	FOOD_GOODS
833	NON_FOOD_GOODS
834	NON_FOOD_GOODS
835	NON_FOOD_GOODS
836	FOOD_GOODS
837	NOT_CLASSIFIED
838	TAX
839	LEASING
840	NON_FOOD_GOODS
841	NON_FOOD_GOODS
842	NOT_CLASSIFIED
843	NON_FOOD_GOODS
844	TAX
845	TAX
846	NON_FOOD_GOODS
847	LEASING
848	FOOD_GOODS
849	TAX
850	BANK_SERVICE
851	NON_FOOD_GOODS
852	FOOD_GOODS
853	LEASING
854	NON_FOOD_GOODS
855	NON_FOOD_GOODS
856	TAX
857	FOOD_GOODS
858	FOOD_GOODS
859	NOT_CLASSIFIED
860	LEASING
861	FOOD_GOODS
862	NON_FOOD_GOODS
863	NON_FOOD_GOODS
864	LOAN
865	FOOD_GOODS
866	TAX
867	FOOD_GOODS
868	LEASING
869	REALE_STATE
870	LOAN
871	TAX
872	REALE_STATE
873	BANK_SERVICE
874	TAX
875	BANK_SERVICE
876	LOAN
877	LEASING
878	SERVICE
879	SERVICE
880	FOOD_GOODS
881	NON_FOOD_GOODS
882	FOOD_GOODS
883	FOOD_GOODS
884	NOT_CLASSIFIED
885	TAX
886	NOT_CLASSIFIED
887	REALE_STATE
888	TAX
889	LOAN
890	LEASING
891	NON_FOOD_GOODS
892	FOOD_GOODS
893	NON_FOOD_GOODS
894	LEASING
895	TAX
896	FOOD_GOODS
897	LOAN
898	LEASING
899	BANK_SERVICE
900	NON_FOOD_GOODS
901	BANK_SERVICE
902	TAX
903	NON_FOOD_GOODS
904	NON_FOOD_GOODS
905	TAX
906	NON_FOOD_GOODS
907	NOT_CLASSIFIED
908	SERVICE
909	TAX
910	NON_FOOD_GOODS
911	LOAN
912	BANK_SERVICE
913	NON_FOOD_GOODS
914	TAX
915	TAX
916	NON_FOOD_GOODS
917	TAX
918	LEASING
919	SERVICE
920	FOOD_GOODS
921	LEASING
922	LEASING
923	TAX
924	SERVICE
925	SERVICE
926	NON_FOOD_GOODS
927	FOOD_GOODS
928	NON_FOOD_GOODS
929	FOOD_GOODS
930	LEASING
931	TAX
932	LEASING
933	NOT_CLASSIFIED
934	NOT_CLASSIFIED
935	REALE_STATE
936	TAX
937	FOOD_GOODS
938	NOT_CLASSIFIED
939	LOAN
940	FOOD_GOODS
941	FOOD_GOODS
942	SERVICE
943	TAX
944	NOT_CLASSIFIED
945	BANK_SERVICE
946	SERVICE
947	NON_FOOD_GOODS
948	NOT_CLASSIFIED
949	BANK_SERVICE
950	NON_FOOD_GOODS
951	NON_FOOD_GOODS
952	LOAN
953	NON_FOOD_GOODS
954	LOAN
955	FOOD_GOODS
956	NOT_CLASSIFIED
957	BANK_SERVICE
958	LEASING
959	SERVICE
960	LEASING
961	SERVICE
962	NON_FOOD_GOODS
963	FOOD_GOODS
964	SERVICE
965	LEASING
966	NON_FOOD_GOODS
967	FOOD_GOODS
968	FOOD_GOODS
969	LEASING
970	LOAN
971	FOOD_GOODS
972	NOT_CLASSIFIED
973	FOOD_GOODS
974	SERVICE
975	FOOD_GOODS
976	BANK_SERVICE
977	NON_FOOD_GOODS
978	NON_FOOD_GOODS
979	NOT_CLASSIFIED
980	NON_FOOD_GOODS
981	LOAN
982	NON_FOOD_GOODS
983	LOAN
984	FOOD_GOODS
985	LEASING
986	NON_FOOD_GOODS
987	NOT_CLASSIFIED
988	LEASING
989	FOOD_GOODS
990	BANK_SERVICE
991	TAX
992	NON_FOOD_GOODS
993	NON_FOOD_GOODS
994	FOOD_GOODS
995	FOOD_GOODS
996	NON_FOOD_GOODS
997	FOOD_GOODS
998	REALE_STATE
999	NON_FOOD_GOODS
1000	NON_FOOD_GOODS
1001	SERVICE
1002	TAX
1003	LOAN
1004	LOAN
1005	NON_FOOD_GOODS
1006	NON_FOOD_GOODS
1007	NON_FOOD_GOODS
1008	FOOD_GOODS
1009	NON_FOOD_GOODS
1010	NON_FOOD_GOODS
1011	SERVICE
1012	FOOD_GOODS
1013	SERVICE
1014	BANK_SERVICE
1015	FOOD_GOODS
1016	BANK_SERVICE
1017	SERVICE
1018	TAX
1019	LOAN
1020	TAX
1021	NON_FOOD_GOODS
1022	REALE_STATE
1023	NOT_CLASSIFIED
1024	NON_FOOD_GOODS
1025	NON_FOOD_GOODS
1026	FOOD_GOODS
1027	LEASING
1028	FOOD_GOODS
1029	TAX
1030	NON_FOOD_GOODS
1031	FOOD_GOODS
1032	NON_FOOD_GOODS
1033	SERVICE
1034	FOOD_GOODS
1035	BANK_SERVICE
1036	NON_FOOD_GOODS
1037	LEASING
1038	SERVICE
1039	BANK_SERVICE
1040	NON_FOOD_GOODS
1041	FOOD_GOODS
1042	LOAN
1043	FOOD_GOODS
1044	NON_FOOD_GOODS
1045	NOT_CLASSIFIED
1046	LEASING
1047	FOOD_GOODS
1048	FOOD_GOODS
1049	TAX
1050	BANK_SERVICE
1051	TAX
1052	NON_FOOD_GOODS
1053	LOAN
1054	NON_FOOD_GOODS
1055	FOOD_GOODS
1056	BANK_SERVICE
1057	NOT_CLASSIFIED
1058	LOAN
1059	FOOD_GOODS
1060	LEASING
1061	TAX
1062	NOT_CLASSIFIED
1063	BANK_SERVICE
1064	NOT_CLASSIFIED
1065	NON_FOOD_GOODS
1066	NON_FOOD_GOODS
1067	NON_FOOD_GOODS
1068	NON_FOOD_GOODS
1069	SERVICE
1070	SERVICE
1071	FOOD_GOODS
1072	FOOD_GOODS
1073	FOOD_GOODS
1074	TAX
1075	BANK_SERVICE
1076	SERVICE
1077	LEASING
1078	NON_FOOD_GOODS
1079	NOT_CLASSIFIED
1080	NON_FOOD_GOODS
1081	NON_FOOD_GOODS
1082	FOOD_GOODS
1083	SERVICE
1084	NON_FOOD_GOODS
1085	LOAN
1086	FOOD_GOODS
1087	LOAN
1088	NON_FOOD_GOODS
1089	FOOD_GOODS
1090	BANK_SERVICE
1091	SERVICE
1092	LOAN
1093	BANK_SERVICE
1094	NOT_CLASSIFIED
1095	SERVICE
1096	LEASING
1097	TAX
1098	NON_FOOD_GOODS
1099	SERVICE
1100	FOOD_GOODS
1101	FOOD_GOODS
1102	LOAN
1103	TAX
1104	FOOD_GOODS
1105	SERVICE
1106	LOAN
1107	FOOD_GOODS
1108	NON_FOOD_GOODS
1109	LOAN
1110	NON_FOOD_GOODS
1111	NON_FOOD_GOODS
1112	NON_FOOD_GOODS
1113	NON_FOOD_GOODS
1114	LEASING
1115	BANK_SERVICE
1116	NON_FOOD_GOODS
1117	FOOD_GOODS
1118	REALE_STATE
1119	FOOD_GOODS
1120	NON_FOOD_GOODS
1121	NON_FOOD_GOODS
1122	SERVICE
1123	LOAN
1124	NON_FOOD_GOODS
1125	FOOD_GOODS
1126	FOOD_GOODS
1127	NOT_CLASSIFIED
1128	NOT_CLASSIFIED
1129	SERVICE
1130	NOT_CLASSIFIED
1131	TAX
1132	SERVICE
1133	TAX
1134	FOOD_GOODS
1135	BANK_SERVICE
1136	NON_FOOD_GOODS
1137	NOT_CLASSIFIED
1138	NOT_CLASSIFIED
1139	SERVICE
1140	NON_FOOD_GOODS
1141	LOAN
1142	NON_FOOD_GOODS
1143	LEASING
1144	TAX
1145	TAX
1146	SERVICE
1147	BANK_SERVICE
1148	FOOD_GOODS
1149	BANK_SERVICE
1150	NON_FOOD_GOODS
1151	LOAN
1152	LOAN
1153	LEASING
1154	LOAN
1155	TAX
1156	SERVICE
1157	TAX
1158	TAX
1159	FOOD_GOODS
1160	LOAN
1161	LOAN
1162	LOAN
1163	BANK_SERVICE
1164	LOAN
1165	TAX
1166	LEASING
1167	NON_FOOD_GOODS
1168	SERVICE
1169	NOT_CLASSIFIED
1170	LEASING
1171	BANK_SERVICE
1172	FOOD_GOODS
1173	REALE_STATE
1174	NOT_CLASSIFIED
1175	NOT_CLASSIFIED
1176	NOT_CLASSIFIED
1177	LOAN
1178	FOOD_GOODS
1179	TAX
1180	TAX
1181	LOAN
1182	REALE_STATE
1183	SERVICE
1184	NON_FOOD_GOODS
1185	REALE_STATE
1186	LEASING
1187	SERVICE
1188	TAX
1189	FOOD_GOODS
1190	LOAN
1191	REALE_STATE
1192	BANK_SERVICE
1193	LEASING
1194	SERVICE
1195	SERVICE
1196	LOAN
1197	LEASING
1198	TAX
1199	NOT_CLASSIFIED
1200	NON_FOOD_GOODS
1201	BANK_SERVICE
1202	BANK_SERVICE
1203	NON_FOOD_GOODS
1204	NON_FOOD_GOODS
1205	NOT_CLASSIFIED
1206	NOT_CLASSIFIED
1207	NOT_CLASSIFIED
1208	FOOD_GOODS
1209	NOT_CLASSIFIED
1210	TAX
1211	FOOD_GOODS
1212	LEASING
1213	LOAN
1214	LEASING
1215	TAX
1216	LOAN
1217	LOAN
1218	SERVICE
1219	SERVICE
1220	FOOD_GOODS
1221	TAX
1222	NON_FOOD_GOODS
1223	LOAN
1224	SERVICE
1225	LOAN
1226	NON_FOOD_GOODS
1227	NON_FOOD_GOODS
1228	LOAN
1229	REALE_STATE
1230	NON_FOOD_GOODS
1231	TAX
1232	FOOD_GOODS
1233	FOOD_GOODS
1234	SERVICE
1235	FOOD_GOODS
1236	BANK_SERVICE
1237	FOOD_GOODS
1238	FOOD_GOODS
1239	NON_FOOD_GOODS
1240	NON_FOOD_GOODS
1241	LOAN
1242	REALE_STATE
1243	LEASING
1244	FOOD_GOODS
1245	SERVICE
1246	FOOD_GOODS
1247	TAX
1248	BANK_SERVICE
1249	NOT_CLASSIFIED
1250	REALE_STATE
1251	NON_FOOD_GOODS
1252	FOOD_GOODS
1253	LOAN
1254	FOOD_GOODS
1255	NON_FOOD_GOODS
1256	LOAN
1257	LOAN
1258	FOOD_GOODS
1259	LOAN
1260	FOOD_GOODS
1261	TAX
1262	FOOD_GOODS
1263	BANK_SERVICE
1264	NON_FOOD_GOODS
1265	TAX
1266	BANK_SERVICE
1267	SERVICE
1268	NON_FOOD_GOODS
1269	LEASING
1270	NOT_CLASSIFIED
1271	TAX
1272	NON_FOOD_GOODS
1273	NOT_CLASSIFIED
1274	FOOD_GOODS
1275	REALE_STATE
1276	FOOD_GOODS
1277	FOOD_GOODS
1278	SERVICE
1279	LEASING
1280	BANK_SERVICE
1281	FOOD_GOODS
1282	TAX
1283	REALE_STATE
1284	SERVICE
1285	REALE_STATE
1286	SERVICE
1287	FOOD_GOODS
1288	FOOD_GOODS
1289	NON_FOOD_GOODS
1290	SERVICE
1291	SERVICE
1292	SERVICE
1293	FOOD_GOODS
1294	SERVICE
1295	LOAN
1296	SERVICE
1297	NON_FOOD_GOODS
1298	REALE_STATE
1299	FOOD_GOODS
1300	NON_FOOD_GOODS
1301	NON_FOOD_GOODS
1302	LEASING
1303	FOOD_GOODS
1304	FOOD_GOODS
1305	NON_FOOD_GOODS
1306	LEASING
1307	LEASING
1308	TAX
1309	FOOD_GOODS
1310	LEASING
1311	NON_FOOD_GOODS
1312	NOT_CLASSIFIED
1313	SERVICE
1314	TAX
1315	NOT_CLASSIFIED
1316	FOOD_GOODS
1317	REALE_STATE
1318	NOT_CLASSIFIED
1319	SERVICE
1320	BANK_SERVICE
1321	FOOD_GOODS
1322	LEASING
1323	NON_FOOD_GOODS
1324	SERVICE
1325	BANK_SERVICE
1326	LEASING
1327	NON_FOOD_GOODS
1328	SERVICE
1329	FOOD_GOODS
1330	REALE_STATE
1331	NOT_CLASSIFIED
1332	NOT_CLASSIFIED
1333	FOOD_GOODS
1334	NON_FOOD_GOODS
1335	SERVICE
1336	REALE_STATE
1337	NON_FOOD_GOODS
1338	SERVICE
1339	BANK_SERVICE
1340	FOOD_GOODS
1341	LEASING
1342	FOOD_GOODS
1343	SERVICE
1344	SERVICE
1345	SERVICE
1346	NON_FOOD_GOODS
1347	NOT_CLASSIFIED
1348	NON_FOOD_GOODS
1349	NOT_CLASSIFIED
1350	NON_FOOD_GOODS
1351	LOAN
1352	LOAN
1353	LOAN
1354	NON_FOOD_GOODS
1355	FOOD_GOODS
1356	REALE_STATE
1357	FOOD_GOODS
1358	SERVICE
1359	TAX
1360	SERVICE
1361	LOAN
1362	NON_FOOD_GOODS
1363	NON_FOOD_GOODS
1364	NOT_CLASSIFIED
1365	SERVICE
1366	BANK_SERVICE
1367	LEASING
1368	FOOD_GOODS
1369	LOAN
1370	LOAN
1371	REALE_STATE
1372	BANK_SERVICE
1373	NOT_CLASSIFIED
1374	NON_FOOD_GOODS
1375	REALE_STATE
1376	BANK_SERVICE
1377	NON_FOOD_GOODS
1378	LEASING
1379	NOT_CLASSIFIED
1380	FOOD_GOODS
1381	LOAN
1382	LEASING
1383	FOOD_GOODS
1384	NOT_CLASSIFIED
1385	TAX
1386	BANK_SERVICE
1387	FOOD_GOODS
1388	NON_FOOD_GOODS
1389	FOOD_GOODS
1390	NON_FOOD_GOODS
1391	NON_FOOD_GOODS
1392	TAX
1393	LEASING
1394	LOAN
1395	FOOD_GOODS
1396	NOT_CLASSIFIED
1397	NON_FOOD_GOODS
1398	FOOD_GOODS
1399	FOOD_GOODS
1400	TAX
1401	NON_FOOD_GOODS
1402	TAX
1403	TAX
1404	FOOD_GOODS
1405	BANK_SERVICE
1406	FOOD_GOODS
1407	NON_FOOD_GOODS
1408	FOOD_GOODS
1409	LEASING
1410	REALE_STATE
1411	SERVICE
1412	REALE_STATE
1413	SERVICE
1414	SERVICE
1415	NON_FOOD_GOODS
1416	BANK_SERVICE
1417	TAX
1418	TAX
1419	NON_FOOD_GOODS
1420	SERVICE
1421	FOOD_GOODS
1422	NON_FOOD_GOODS
1423	SERVICE
1424	FOOD_GOODS
1425	SERVICE
1426	BANK_SERVICE
1427	LOAN
1428	LEASING
1429	LOAN
1430	SERVICE
1431	REALE_STATE
1432	SERVICE
1433	FOOD_GOODS
1434	FOOD_GOODS
1435	NOT_CLASSIFIED
1436	NON_FOOD_GOODS
1437	TAX
1438	SERVICE
1439	LOAN
1440	LOAN
1441	LOAN
1442	FOOD_GOODS
1443	LOAN
1444	FOOD_GOODS
1445	SERVICE
1446	BANK_SERVICE
1447	LOAN
1448	LEASING
1449	NON_FOOD_GOODS
1450	LOAN
1451	LEASING
1452	NON_FOOD_GOODS
1453	BANK_SERVICE
1454	NON_FOOD_GOODS
1455	TAX
1456	FOOD_GOODS
1457	TAX
1458	LOAN
1459	SERVICE
1460	SERVICE
1461	REALE_STATE
1462	BANK_SERVICE
1463	FOOD_GOODS
1464	TAX
1465	NON_FOOD_GOODS
1466	TAX
1467	NON_FOOD_GOODS
1468	NON_FOOD_GOODS
1469	BANK_SERVICE
1470	LEASING
1471	LOAN
1472	NON_FOOD_GOODS
1473	LEASING
1474	NON_FOOD_GOODS
1475	SERVICE
1476	NON_FOOD_GOODS
1477	SERVICE
1478	NOT_CLASSIFIED
1479	NOT_CLASSIFIED
1480	FOOD_GOODS
1481	TAX
1482	NON_FOOD_GOODS
1483	FOOD_GOODS
1484	FOOD_GOODS
1485	BANK_SERVICE
1486	LEASING
1487	LEASING
1488	LOAN
1489	LOAN
1490	TAX
1491	NON_FOOD_GOODS
1492	LOAN
1493	SERVICE
1494	LOAN
1495	NON_FOOD_GOODS
1496	SERVICE
1497	REALE_STATE
1498	LEASING
1499	TAX
1500	FOOD_GOODS
1501	TAX
1502	NON_FOOD_GOODS
1503	NON_FOOD_GOODS
1504	REALE_STATE
1505	FOOD_GOODS
1506	NON_FOOD_GOODS
1507	TAX
1508	TAX
1509	LEASING
1510	BANK_SERVICE
1511	LOAN
1512	SERVICE
1513	REALE_STATE
1514	BANK_SERVICE
1515	SERVICE
1516	LEASING
1517	FOOD_GOODS
1518	NOT_CLASSIFIED
1519	NON_FOOD_GOODS
1520	NON_FOOD_GOODS
1521	FOOD_GOODS
1522	LOAN
1523	NON_FOOD_GOODS
1524	FOOD_GOODS
1525	NON_FOOD_GOODS
1526	FOOD_GOODS
1527	TAX
1528	FOOD_GOODS
1529	NON_FOOD_GOODS
1530	FOOD_GOODS
1531	NON_FOOD_GOODS
1532	REALE_STATE
1533	SERVICE
1534	BANK_SERVICE
1535	BANK_SERVICE
1536	FOOD_GOODS
1537	SERVICE
1538	FOOD_GOODS
1539	FOOD_GOODS
1540	SERVICE
1541	SERVICE
1542	NOT_CLASSIFIED
1543	SERVICE
1544	BANK_SERVICE
1545	BANK_SERVICE
1546	NON_FOOD_GOODS
1547	NON_FOOD_GOODS
1548	FOOD_GOODS
1549	NOT_CLASSIFIED
1550	NOT_CLASSIFIED
1551	LEASING
1552	LEASING
1553	REALE_STATE
1554	FOOD_GOODS
1555	FOOD_GOODS
1556	NON_FOOD_GOODS
1557	NON_FOOD_GOODS
1558	NON_FOOD_GOODS
1559	NON_FOOD_GOODS
1560	LEASING
1561	SERVICE
1562	SERVICE
1563	NON_FOOD_GOODS
1564	NOT_CLASSIFIED
1565	NON_FOOD_GOODS
1566	FOOD_GOODS
1567	SERVICE
1568	NOT_CLASSIFIED
1569	FOOD_GOODS
1570	FOOD_GOODS
1571	FOOD_GOODS
1572	NON_FOOD_GOODS
1573	FOOD_GOODS
1574	FOOD_GOODS
1575	SERVICE
1576	LOAN
1577	SERVICE
1578	NOT_CLASSIFIED
1579	FOOD_GOODS
1580	NOT_CLASSIFIED
1581	LOAN
1582	TAX
1583	NON_FOOD_GOODS
1584	TAX
1585	SERVICE
1586	NON_FOOD_GOODS
1587	LOAN
1588	SERVICE
1589	BANK_SERVICE
1590	NON_FOOD_GOODS
1591	FOOD_GOODS
1592	LOAN
1593	LOAN
1594	TAX
1595	FOOD_GOODS
1596	LOAN
1597	LEASING
1598	SERVICE
1599	BANK_SERVICE
1600	LEASING
1601	BANK_SERVICE
1602	SERVICE
1603	LOAN
1604	REALE_STATE
1605	TAX
1606	SERVICE
1607	NOT_CLASSIFIED
1608	NON_FOOD_GOODS
1609	NON_FOOD_GOODS
1610	NON_FOOD_GOODS
1611	NOT_CLASSIFIED
1612	NON_FOOD_GOODS
1613	FOOD_GOODS
1614	NON_FOOD_GOODS
1615	FOOD_GOODS
1616	REALE_STATE
1617	FOOD_GOODS
1618	BANK_SERVICE
1619	NON_FOOD_GOODS
1620	REALE_STATE
1621	TAX
1622	NON_FOOD_GOODS
1623	LOAN
1624	BANK_SERVICE
1625	LEASING
1626	FOOD_GOODS
1627	TAX
1628	NON_FOOD_GOODS
1629	NON_FOOD_GOODS
1630	NON_FOOD_GOODS
1631	LOAN
1632	FOOD_GOODS
1633	FOOD_GOODS
1634	BANK_SERVICE
1635	TAX
1636	SERVICE
1637	LEASING
1638	SERVICE
1639	NON_FOOD_GOODS
1640	FOOD_GOODS
1641	BANK_SERVICE
1642	FOOD_GOODS
1643	LEASING
1644	FOOD_GOODS
1645	REALE_STATE
1646	SERVICE
1647	SERVICE
1648	LOAN
1649	BANK_SERVICE
1650	TAX
1651	SERVICE
1652	LOAN
1653	FOOD_GOODS
1654	LOAN
1655	TAX
1656	NON_FOOD_GOODS
1657	TAX
1658	FOOD_GOODS
1659	NON_FOOD_GOODS
1660	SERVICE
1661	FOOD_GOODS
1662	FOOD_GOODS
1663	SERVICE
1664	NON_FOOD_GOODS
1665	NON_FOOD_GOODS
1666	FOOD_GOODS
1667	BANK_SERVICE
1668	REALE_STATE
1669	TAX
1670	NON_FOOD_GOODS
1671	FOOD_GOODS
1672	NON_FOOD_GOODS
1673	FOOD_GOODS
1674	SERVICE
1675	SERVICE
1676	NON_FOOD_GOODS
1677	FOOD_GOODS
1678	LEASING
1679	NOT_CLASSIFIED
1680	SERVICE
1681	TAX
1682	SERVICE
1683	FOOD_GOODS
1684	NON_FOOD_GOODS
1685	REALE_STATE
1686	NON_FOOD_GOODS
1687	NON_FOOD_GOODS
1688	FOOD_GOODS
1689	NON_FOOD_GOODS
1690	NOT_CLASSIFIED
1691	NOT_CLASSIFIED
1692	FOOD_GOODS
1693	FOOD_GOODS
1694	REALE_STATE
1695	SERVICE
1696	NOT_CLASSIFIED
1697	BANK_SERVICE
1698	TAX
1699	FOOD_GOODS
1700	NON_FOOD_GOODS
1701	LOAN
1702	NON_FOOD_GOODS
1703	TAX
1704	FOOD_GOODS
1705	NON_FOOD_GOODS
1706	NON_FOOD_GOODS
1707	TAX
1708	LEASING
1709	FOOD_GOODS
1710	LOAN
1711	NON_FOOD_GOODS
1712	SERVICE
1713	TAX
1714	REALE_STATE
1715	BANK_SERVICE
1716	FOOD_GOODS
1717	FOOD_GOODS
1718	NON_FOOD_GOODS
1719	NON_FOOD_GOODS
1720	SERVICE
1721	NON_FOOD_GOODS
1722	NOT_CLASSIFIED
1723	LEASING
1724	NON_FOOD_GOODS
1725	SERVICE
1726	SERVICE
1727	SERVICE
1728	SERVICE
1729	NON_FOOD_GOODS
1730	NON_FOOD_GOODS
1731	LOAN
1732	REALE_STATE
1733	NOT_CLASSIFIED
1734	FOOD_GOODS
1735	BANK_SERVICE
1736	SERVICE
1737	FOOD_GOODS
1738	SERVICE
1739	REALE_STATE
1740	LOAN
1741	TAX
1742	BANK_SERVICE
1743	SERVICE
1744	NOT_CLASSIFIED
1745	NON_FOOD_GOODS
1746	NOT_CLASSIFIED
1747	SERVICE
1748	LOAN
1749	NON_FOOD_GOODS
1750	FOOD_GOODS
1751	NON_FOOD_GOODS
1752	SERVICE
1753	SERVICE
1754	NOT_CLASSIFIED
1755	REALE_STATE
1756	LEASING
1757	BANK_SERVICE
1758	FOOD_GOODS
1759	FOOD_GOODS
1760	BANK_SERVICE
1761	LOAN
1762	LOAN
1763	NOT_CLASSIFIED
1764	FOOD_GOODS
1765	SERVICE
1766	FOOD_GOODS
1767	BANK_SERVICE
1768	LEASING
1769	FOOD_GOODS
1770	SERVICE
1771	FOOD_GOODS
1772	FOOD_GOODS
1773	NON_FOOD_GOODS
1774	BANK_SERVICE
1775	NON_FOOD_GOODS
1776	NON_FOOD_GOODS
1777	SERVICE
1778	TAX
1779	NON_FOOD_GOODS
1780	NOT_CLASSIFIED
1781	SERVICE
1782	LOAN
1783	SERVICE
1784	NON_FOOD_GOODS
1785	TAX
1786	BANK_SERVICE
1787	FOOD_GOODS
1788	NOT_CLASSIFIED
1789	TAX
1790	SERVICE
1791	BANK_SERVICE
1792	FOOD_GOODS
1793	NON_FOOD_GOODS
1794	FOOD_GOODS
1795	FOOD_GOODS
1796	SERVICE
1797	SERVICE
1798	NON_FOOD_GOODS
1799	LOAN
1800	LOAN
1801	BANK_SERVICE
1802	FOOD_GOODS
1803	TAX
1804	LOAN
1805	NON_FOOD_GOODS
1806	SERVICE
1807	TAX
1808	NON_FOOD_GOODS
1809	NOT_CLASSIFIED
1810	BANK_SERVICE
1811	LOAN
1812	NOT_CLASSIFIED
1813	LOAN
1814	REALE_STATE
1815	NOT_CLASSIFIED
1816	SERVICE
1817	FOOD_GOODS
1818	NON_FOOD_GOODS
1819	LOAN
1820	LOAN
1821	LOAN
1822	SERVICE
1823	NON_FOOD_GOODS
1824	REALE_STATE
1825	SERVICE
1826	LOAN
1827	NOT_CLASSIFIED
1828	LEASING
1829	LOAN
1830	FOOD_GOODS
1831	NON_FOOD_GOODS
1832	SERVICE
1833	NON_FOOD_GOODS
1834	FOOD_GOODS
1835	TAX
1836	FOOD_GOODS
1837	NON_FOOD_GOODS
1838	TAX
1839	SERVICE
1840	SERVICE
1841	SERVICE
1842	NOT_CLASSIFIED
1843	NOT_CLASSIFIED
1844	LOAN
1845	BANK_SERVICE
1846	NOT_CLASSIFIED
1847	REALE_STATE
1848	FOOD_GOODS
1849	LOAN
1850	BANK_SERVICE
1851	FOOD_GOODS
1852	FOOD_GOODS
1853	SERVICE
1854	SERVICE
1855	LEASING
1856	LOAN
1857	REALE_STATE
1858	FOOD_GOODS
1859	SERVICE
1860	SERVICE
1861	NON_FOOD_GOODS
1862	SERVICE
1863	NON_FOOD_GOODS
1864	NON_FOOD_GOODS
1865	SERVICE
1866	TAX
1867	FOOD_GOODS
1868	BANK_SERVICE
1869	TAX
1870	FOOD_GOODS
1871	BANK_SERVICE
1872	FOOD_GOODS
1873	NON_FOOD_GOODS
1874	NOT_CLASSIFIED
1875	REALE_STATE
1876	FOOD_GOODS
1877	LOAN
1878	NON_FOOD_GOODS
1879	TAX
1880	SERVICE
1881	SERVICE
1882	REALE_STATE
1883	BANK_SERVICE
1884	FOOD_GOODS
1885	SERVICE
1886	NOT_CLASSIFIED
1887	BANK_SERVICE
1888	NOT_CLASSIFIED
1889	FOOD_GOODS
1890	NON_FOOD_GOODS
1891	REALE_STATE
1892	BANK_SERVICE
1893	REALE_STATE
1894	FOOD_GOODS
1895	FOOD_GOODS
1896	SERVICE
1897	SERVICE
1898	SERVICE
1899	NON_FOOD_GOODS
1900	NON_FOOD_GOODS
1901	NOT_CLASSIFIED
1902	TAX
1903	NON_FOOD_GOODS
1904	LOAN
1905	TAX
1906	BANK_SERVICE
1907	FOOD_GOODS
1908	FOOD_GOODS
1909	REALE_STATE
1910	SERVICE
1911	NOT_CLASSIFIED
1912	LEASING
1913	LEASING
1914	LEASING
1915	LOAN
1916	LEASING
1917	NON_FOOD_GOODS
1918	SERVICE
1919	NON_FOOD_GOODS
1920	LEASING
1921	LEASING
1922	LEASING
1923	NON_FOOD_GOODS
1924	TAX
1925	TAX
1926	NON_FOOD_GOODS
1927	SERVICE
1928	NON_FOOD_GOODS
1929	FOOD_GOODS
1930	LOAN
1931	SERVICE
1932	NON_FOOD_GOODS
1933	NON_FOOD_GOODS
1934	FOOD_GOODS
1935	BANK_SERVICE
1936	TAX
1937	NON_FOOD_GOODS
1938	LEASING
1939	FOOD_GOODS
1940	FOOD_GOODS
1941	REALE_STATE
1942	FOOD_GOODS
1943	TAX
1944	REALE_STATE
1945	NOT_CLASSIFIED
1946	FOOD_GOODS
1947	NON_FOOD_GOODS
1948	TAX
1949	NON_FOOD_GOODS
1950	FOOD_GOODS
1951	LOAN
1952	TAX
1953	NOT_CLASSIFIED
1954	SERVICE
1955	NON_FOOD_GOODS
1956	NOT_CLASSIFIED
1957	FOOD_GOODS
1958	NON_FOOD_GOODS
1959	NON_FOOD_GOODS
1960	NOT_CLASSIFIED
1961	LOAN
1962	LOAN
1963	LOAN
1964	FOOD_GOODS
1965	NON_FOOD_GOODS
1966	TAX
1967	TAX
1968	SERVICE
1969	FOOD_GOODS
1970	NON_FOOD_GOODS
1971	TAX
1972	TAX
1973	SERVICE
1974	NON_FOOD_GOODS
1975	REALE_STATE
1976	NON_FOOD_GOODS
1977	NON_FOOD_GOODS
1978	NON_FOOD_GOODS
1979	SERVICE
1980	FOOD_GOODS
1981	NON_FOOD_GOODS
1982	SERVICE
1983	FOOD_GOODS
1984	LEASING
1985	NON_FOOD_GOODS
1986	BANK_SERVICE
1987	FOOD_GOODS
1988	NON_FOOD_GOODS
1989	SERVICE
1990	NON_FOOD_GOODS
1991	LEASING
1992	TAX
1993	REALE_STATE
1994	BANK_SERVICE
1995	FOOD_GOODS
1996	NON_FOOD_GOODS
1997	NON_FOOD_GOODS
1998	REALE_STATE
1999	NON_FOOD_GOODS
2000	REALE_STATE
2001	SERVICE
2002	LOAN
2003	LEASING
2004	TAX
2005	FOOD_GOODS
2006	NOT_CLASSIFIED
2007	TAX
2008	NON_FOOD_GOODS
2009	TAX
2010	FOOD_GOODS
2011	NOT_CLASSIFIED
2012	SERVICE
2013	FOOD_GOODS
2014	SERVICE
2015	REALE_STATE
2016	NOT_CLASSIFIED
2017	NON_FOOD_GOODS
2018	FOOD_GOODS
2019	BANK_SERVICE
2020	NON_FOOD_GOODS
2021	SERVICE
2022	NON_FOOD_GOODS
2023	LOAN
2024	REALE_STATE
2025	REALE_STATE
2026	FOOD_GOODS
2027	NOT_CLASSIFIED
2028	LOAN
2029	FOOD_GOODS
2030	LEASING
2031	FOOD_GOODS
2032	LOAN
2033	TAX
2034	NOT_CLASSIFIED
2035	REALE_STATE
2036	NON_FOOD_GOODS
2037	LOAN
2038	SERVICE
2039	LEASING
2040	NON_FOOD_GOODS
2041	LOAN
2042	FOOD_GOODS
2043	FOOD_GOODS
2044	LEASING
2045	NON_FOOD_GOODS
2046	SERVICE
2047	SERVICE
2048	SERVICE
2049	TAX
2050	LOAN
2051	BANK_SERVICE
2052	NOT_CLASSIFIED
2053	FOOD_GOODS
2054	LOAN
2055	NOT_CLASSIFIED
2056	SERVICE
2057	FOOD_GOODS
2058	LOAN
2059	NON_FOOD_GOODS
2060	NON_FOOD_GOODS
2061	NON_FOOD_GOODS
2062	SERVICE
2063	SERVICE
2064	SERVICE
2065	TAX
2066	FOOD_GOODS
2067	SERVICE
2068	NON_FOOD_GOODS
2069	LEASING
2070	FOOD_GOODS
2071	NON_FOOD_GOODS
2072	LEASING
2073	BANK_SERVICE
2074	TAX
2075	FOOD_GOODS
2076	FOOD_GOODS
2077	SERVICE
2078	NON_FOOD_GOODS
2079	FOOD_GOODS
2080	NON_FOOD_GOODS
2081	TAX
2082	NON_FOOD_GOODS
2083	LEASING
2084	FOOD_GOODS
2085	LEASING
2086	NON_FOOD_GOODS
2087	FOOD_GOODS
2088	LOAN
2089	FOOD_GOODS
2090	FOOD_GOODS
2091	FOOD_GOODS
2092	NOT_CLASSIFIED
2093	NON_FOOD_GOODS
2094	SERVICE
2095	NON_FOOD_GOODS
2096	TAX
2097	NON_FOOD_GOODS
2098	LOAN
2099	BANK_SERVICE
2100	SERVICE
2101	REALE_STATE
2102	BANK_SERVICE
2103	BANK_SERVICE
2104	NON_FOOD_GOODS
2105	FOOD_GOODS
2106	NON_FOOD_GOODS
2107	NOT_CLASSIFIED
2108	LEASING
2109	REALE_STATE
2110	FOOD_GOODS
2111	NON_FOOD_GOODS
2112	FOOD_GOODS
2113	FOOD_GOODS
2114	FOOD_GOODS
2115	NON_FOOD_GOODS
2116	FOOD_GOODS
2117	NOT_CLASSIFIED
2118	SERVICE
2119	REALE_STATE
2120	FOOD_GOODS
2121	NON_FOOD_GOODS
2122	NOT_CLASSIFIED
2123	LEASING
2124	FOOD_GOODS
2125	SERVICE
2126	SERVICE
2127	NON_FOOD_GOODS
2128	LOAN
2129	FOOD_GOODS
2130	NON_FOOD_GOODS
2131	FOOD_GOODS
2132	NOT_CLASSIFIED
2133	NON_FOOD_GOODS
2134	BANK_SERVICE
2135	NON_FOOD_GOODS
2136	NOT_CLASSIFIED
2137	SERVICE
2138	SERVICE
2139	NON_FOOD_GOODS
2140	FOOD_GOODS
2141	NON_FOOD_GOODS
2142	SERVICE
2143	LOAN
2144	BANK_SERVICE
2145	LOAN
2146	FOOD_GOODS
2147	LOAN
2148	NON_FOOD_GOODS
2149	NOT_CLASSIFIED
2150	NOT_CLASSIFIED
2151	NON_FOOD_GOODS
2152	SERVICE
2153	NON_FOOD_GOODS
2154	FOOD_GOODS
2155	LOAN
2156	FOOD_GOODS
2157	SERVICE
2158	NON_FOOD_GOODS
2159	BANK_SERVICE
2160	FOOD_GOODS
2161	SERVICE
2162	FOOD_GOODS
2163	LOAN
2164	SERVICE
2165	NON_FOOD_GOODS
2166	NON_FOOD_GOODS
2167	REALE_STATE
2168	LOAN
2169	NOT_CLASSIFIED
2170	SERVICE
2171	FOOD_GOODS
2172	LOAN
2173	FOOD_GOODS
2174	LEASING
2175	FOOD_GOODS
2176	TAX
2177	NON_FOOD_GOODS
2178	TAX
2179	FOOD_GOODS
2180	NOT_CLASSIFIED
2181	FOOD_GOODS
2182	FOOD_GOODS
2183	FOOD_GOODS
2184	BANK_SERVICE
2185	NOT_CLASSIFIED
2186	BANK_SERVICE
2187	LEASING
2188	FOOD_GOODS
2189	NON_FOOD_GOODS
2190	TAX
2191	SERVICE
2192	LOAN
2193	NON_FOOD_GOODS
2194	NON_FOOD_GOODS
2195	NON_FOOD_GOODS
2196	NON_FOOD_GOODS
2197	LOAN
2198	FOOD_GOODS
2199	FOOD_GOODS
2200	TAX
2201	NON_FOOD_GOODS
2202	NON_FOOD_GOODS
2203	BANK_SERVICE
2204	NON_FOOD_GOODS
2205	NOT_CLASSIFIED
2206	FOOD_GOODS
2207	NON_FOOD_GOODS
2208	FOOD_GOODS
2209	FOOD_GOODS
2210	LEASING
2211	FOOD_GOODS
2212	LEASING
2213	REALE_STATE
2214	LEASING
2215	LOAN
2216	FOOD_GOODS
2217	FOOD_GOODS
2218	SERVICE
2219	TAX
2220	FOOD_GOODS
2221	FOOD_GOODS
2222	FOOD_GOODS
2223	NON_FOOD_GOODS
2224	REALE_STATE
2225	NON_FOOD_GOODS
2226	FOOD_GOODS
2227	FOOD_GOODS
2228	FOOD_GOODS
2229	SERVICE
2230	FOOD_GOODS
2231	NOT_CLASSIFIED
2232	NON_FOOD_GOODS
2233	NON_FOOD_GOODS
2234	TAX
2235	NON_FOOD_GOODS
2236	FOOD_GOODS
2237	NON_FOOD_GOODS
2238	NON_FOOD_GOODS
2239	NON_FOOD_GOODS
2240	BANK_SERVICE
2241	NON_FOOD_GOODS
2242	TAX
2243	LOAN
2244	NON_FOOD_GOODS
2245	BANK_SERVICE
2246	REALE_STATE
2247	SERVICE
2248	SERVICE
2249	BANK_SERVICE
2250	NOT_CLASSIFIED
2251	NOT_CLASSIFIED
2252	LEASING
2253	BANK_SERVICE
2254	NOT_CLASSIFIED
2255	NON_FOOD_GOODS
2256	FOOD_GOODS
2257	TAX
2258	NOT_CLASSIFIED
2259	BANK_SERVICE
2260	FOOD_GOODS
2261	REALE_STATE
2262	TAX
2263	NON_FOOD_GOODS
2264	TAX
2265	NON_FOOD_GOODS
2266	TAX
2267	LOAN
2268	TAX
2269	SERVICE
2270	BANK_SERVICE
2271	FOOD_GOODS
2272	BANK_SERVICE
2273	NON_FOOD_GOODS
2274	REALE_STATE
2275	TAX
2276	SERVICE
2277	BANK_SERVICE
2278	REALE_STATE
2279	NOT_CLASSIFIED
2280	NON_FOOD_GOODS
2281	SERVICE
2282	NON_FOOD_GOODS
2283	LOAN
2284	FOOD_GOODS
2285	LOAN
2286	TAX
2287	NON_FOOD_GOODS
2288	SERVICE
2289	BANK_SERVICE
2290	SERVICE
2291	TAX
2292	SERVICE
2293	SERVICE
2294	FOOD_GOODS
2295	TAX
2296	TAX
2297	SERVICE
2298	FOOD_GOODS
2299	BANK_SERVICE
2300	NON_FOOD_GOODS
2301	TAX
2302	NON_FOOD_GOODS
2303	NON_FOOD_GOODS
2304	NOT_CLASSIFIED
2305	NOT_CLASSIFIED
2306	REALE_STATE
2307	LOAN
2308	NON_FOOD_GOODS
2309	NON_FOOD_GOODS
2310	LOAN
2311	BANK_SERVICE
2312	REALE_STATE
2313	SERVICE
2314	SERVICE
2315	FOOD_GOODS
2316	FOOD_GOODS
2317	NOT_CLASSIFIED
2318	SERVICE
2319	FOOD_GOODS
2320	LEASING
2321	LEASING
2322	SERVICE
2323	LEASING
2324	SERVICE
2325	BANK_SERVICE
2326	NON_FOOD_GOODS
2327	SERVICE
2328	BANK_SERVICE
2329	BANK_SERVICE
2330	TAX
2331	FOOD_GOODS
2332	TAX
2333	LOAN
2334	SERVICE
2335	NON_FOOD_GOODS
2336	REALE_STATE
2337	FOOD_GOODS
2338	NON_FOOD_GOODS
2339	FOOD_GOODS
2340	TAX
2341	BANK_SERVICE
2342	FOOD_GOODS
2343	TAX
2344	SERVICE
2345	TAX
2346	BANK_SERVICE
2347	NON_FOOD_GOODS
2348	SERVICE
2349	BANK_SERVICE
2350	REALE_STATE
2351	NON_FOOD_GOODS
2352	NON_FOOD_GOODS
2353	LOAN
2354	BANK_SERVICE
2355	NOT_CLASSIFIED
2356	LEASING
2357	NON_FOOD_GOODS
2358	NOT_CLASSIFIED
2359	LEASING
2360	LOAN
2361	LEASING
2362	SERVICE
2363	FOOD_GOODS
2364	TAX
2365	LEASING
2366	SERVICE
2367	LOAN
2368	LEASING
2369	NON_FOOD_GOODS
2370	BANK_SERVICE
2371	LEASING
2372	LEASING
2373	LEASING
2374	SERVICE
2375	TAX
2376	FOOD_GOODS
2377	NON_FOOD_GOODS
2378	SERVICE
2379	SERVICE
2380	NOT_CLASSIFIED
2381	REALE_STATE
2382	LOAN
2383	FOOD_GOODS
2384	TAX
2385	LOAN
2386	NON_FOOD_GOODS
2387	FOOD_GOODS
2388	NOT_CLASSIFIED
2389	TAX
2390	SERVICE
2391	LEASING
2392	NON_FOOD_GOODS
2393	NOT_CLASSIFIED
2394	FOOD_GOODS
2395	NON_FOOD_GOODS
2396	TAX
2397	BANK_SERVICE
2398	NOT_CLASSIFIED
2399	NOT_CLASSIFIED
2400	BANK_SERVICE
2401	LEASING
2402	LOAN
2403	NON_FOOD_GOODS
2404	NON_FOOD_GOODS
2405	TAX
2406	LEASING
2407	BANK_SERVICE
2408	LEASING
2409	FOOD_GOODS
2410	TAX
2411	NON_FOOD_GOODS
2412	LEASING
2413	LOAN
2414	LEASING
2415	BANK_SERVICE
2416	NON_FOOD_GOODS
2417	REALE_STATE
2418	NON_FOOD_GOODS
2419	NON_FOOD_GOODS
2420	NON_FOOD_GOODS
2421	FOOD_GOODS
2422	NOT_CLASSIFIED
2423	BANK_SERVICE
2424	LEASING
2425	FOOD_GOODS
2426	SERVICE
2427	TAX
2428	LEASING
2429	LEASING
2430	LOAN
2431	FOOD_GOODS
2432	NON_FOOD_GOODS
2433	TAX
2434	LEASING
2435	NOT_CLASSIFIED
2436	NON_FOOD_GOODS
2437	NON_FOOD_GOODS
2438	NON_FOOD_GOODS
2439	TAX
2440	SERVICE
2441	BANK_SERVICE
2442	BANK_SERVICE
2443	LEASING
2444	BANK_SERVICE
2445	NON_FOOD_GOODS
2446	SERVICE
2447	FOOD_GOODS
2448	BANK_SERVICE
2449	NON_FOOD_GOODS
2450	FOOD_GOODS
2451	NON_FOOD_GOODS
2452	SERVICE
2453	TAX
2454	NON_FOOD_GOODS
2455	LOAN
2456	NON_FOOD_GOODS
2457	REALE_STATE
2458	SERVICE
2459	NON_FOOD_GOODS
2460	NOT_CLASSIFIED
2461	NON_FOOD_GOODS
2462	FOOD_GOODS
2463	NOT_CLASSIFIED
2464	SERVICE
2465	SERVICE
2466	NON_FOOD_GOODS
2467	LEASING
2468	REALE_STATE
2469	NON_FOOD_GOODS
2470	FOOD_GOODS
2471	NOT_CLASSIFIED
2472	REALE_STATE
2473	NOT_CLASSIFIED
2474	LEASING
2475	LOAN
2476	NON_FOOD_GOODS
2477	TAX
2478	FOOD_GOODS
2479	REALE_STATE
2480	NON_FOOD_GOODS
2481	LOAN
2482	NON_FOOD_GOODS
2483	NON_FOOD_GOODS
2484	SERVICE
2485	TAX
2486	NON_FOOD_GOODS
2487	NON_FOOD_GOODS
2488	SERVICE
2489	NON_FOOD_GOODS
2490	FOOD_GOODS
2491	FOOD_GOODS
2492	NON_FOOD_GOODS
2493	NON_FOOD_GOODS
2494	FOOD_GOODS
2495	NON_FOOD_GOODS
2496	LOAN
2497	NON_FOOD_GOODS
2498	LEASING
2499	LEASING
2500	NON_FOOD_GOODS
